order_id,customer_id,product,amount,status,order_date
1001,1,Laptop,1200.00,COMPLETE,2022-02-01
1002,2,Keyboard,85.00,COMPLETE,2022-04-10
1003,3,Monitor,320.00,PENDING,2022-06-05
1004,1,Mouse,45.00,COMPLETE,2022-07-20
1005,4,Headphones,150.00,COMPLETE,2022-08-01
1006,5,Webcam,95.00,CANCELLED,2022-09-12
1007,2,Desk Chair,400.00,COMPLETE,2022-10-18
1008,6,USB Hub,35.00,COMPLETE,2022-11-25
1009,7,Standing Desk,750.00,COMPLETE,2023-01-10
1010,8,Laptop,1350.00,PENDING,2023-01-30
1011,9,Mechanical Keyboard,130.00,COMPLETE,2023-02-20
1012,10,Monitor,280.00,COMPLETE,2023-04-05
1013,3,Laptop,1100.00,COMPLETE,2023-04-22
1014,4,USB Hub,35.00,CANCELLED,2023-05-15
1015,1,Standing Desk,720.00,COMPLETE,2023-06-01
